{
    "root_group": {
        "name": "",
        "path": "",
        "id": "d41d8cd98f00b204e9800998ecf8427e",
        "groups": {},
        "checks": {
                "200 OK": {
                    "name": "200 OK",
                    "path": "::200 OK",
                    "id": "e9654c443eff553da9e69eda7007924e",
                    "passes": 42499,
                    "fails": 0
                }
            }
    },
    "metrics": {
        "checks": {
            "passes": 42499,
            "fails": 0,
            "thresholds": {
                "rate>0.99": false
            },
            "value": 1
        },
        "http_req_receiving": {
            "max": 2.0019,
            "p(90)": 0.09116000000000131,
            "p(95)": 0.5149099999999999,
            "avg": 0.056282239582107874,
            "min": 0,
            "med": 0
        },
        "data_received": {
            "count": 17785285,
            "rate": 177851.5438582619
        },
        "data_sent": {
            "count": 3735650,
            "rate": 37356.225655878785
        },
        "iteration_duration": {
            "max": 19.5798,
            "p(90)": 1.6789600000000013,
            "p(95)": 2.73831,
            "avg": 1.123859156686022,
            "min": 0,
            "med": 1.029
        },
        "http_req_duration{expected_response:true}": {
            "med": 1.0172,
            "max": 18.9705,
            "p(90)": 1.6246200000000004,
            "p(95)": 2.6044599999999973,
            "avg": 1.0521972940539601,
            "min": 0
        },
        "http_req_waiting": {
            "avg": 0.9948767335701852,
            "min": 0,
            "med": 0.9533,
            "max": 18.9705,
            "p(90)": 1.6044200000000004,
            "p(95)": 2.3866199999999966
        },
        "vus": {
            "value": 0,
            "min": 0,
            "max": 5
        },
        "vus_max": {
            "min": 200,
            "max": 200,
            "value": 200
        },
        "http_req_connecting": {
            "p(95)": 0,
            "avg": 0.0009162709710816729,
            "min": 0,
            "med": 0,
            "max": 2.5843,
            "p(90)": 0
        },
        "http_req_tls_handshaking": {
            "p(90)": 0,
            "p(95)": 0,
            "avg": 0,
            "min": 0,
            "med": 0,
            "max": 0
        },
        "iterations": {
            "count": 42499,
            "rate": 424.9868788963614
        },
        "http_req_duration": {
            "min": 0,
            "med": 1.0172,
            "max": 18.9705,
            "p(90)": 1.6246200000000004,
            "p(95)": 2.6044599999999973,
            "avg": 1.0521972940539601,
            "thresholds": {
                "p(95)<2000": false
            }
        },
        "http_req_failed": {
            "fails": 42499,
            "passes": 0,
            "value": 0
        },
        "http_reqs": {
            "count": 42499,
            "rate": 424.9868788963614
        },
        "http_req_blocked": {
            "avg": 0.001311390856255441,
            "min": 0,
            "med": 0,
            "max": 2.9272,
            "p(90)": 0,
            "p(95)": 0
        },
        "http_req_sending": {
            "avg": 0.0010383209016682747,
            "min": 0,
            "med": 0,
            "max": 6.7139,
            "p(90)": 0,
            "p(95)": 0
        }
    }
}