{
    "root_group": {
        "name": "",
        "path": "",
        "id": "d41d8cd98f00b204e9800998ecf8427e",
        "groups": {},
        "checks": {
                "200 OK": {
                    "passes": 42499,
                    "fails": 0,
                    "name": "200 OK",
                    "path": "::200 OK",
                    "id": "e9654c443eff553da9e69eda7007924e"
                }
            }
    },
    "metrics": {
        "iterations": {
            "rate": 424.9826070025686,
            "count": 42499
        },
        "checks": {
            "fails": 0,
            "passes": 42499,
            "thresholds": {
                "rate>0.99": false
            },
            "value": 1
        },
        "http_req_duration{expected_response:true}": {
            "avg": 1.1511606602508122,
            "min": 0,
            "med": 0.999,
            "max": 24.1036,
            "p(90)": 2.2129,
            "p(95)": 3.164169999999999
        },
        "http_req_blocked": {
            "p(95)": 0,
            "avg": 0.0037742864537989116,
            "min": 0,
            "med": 0,
            "max": 3.1196,
            "p(90)": 0
        },
        "http_req_tls_handshaking": {
            "avg": 0,
            "min": 0,
            "med": 0,
            "max": 0,
            "p(90)": 0,
            "p(95)": 0
        },
        "data_received": {
            "count": 17795509,
            "rate": 177951.99434710635
        },
        "http_reqs": {
            "rate": 424.9826070025686,
            "count": 42499
        },
        "iteration_duration": {
            "max": 26.036,
            "p(90)": 2.363940000000001,
            "p(95)": 3.3468,
            "avg": 1.2112018918092013,
            "min": 0,
            "med": 1.0299
        },
        "vus": {
            "value": 0,
            "min": 0,
            "max": 8
        },
        "http_req_duration": {
            "avg": 1.1511606602508122,
            "min": 0,
            "med": 0.999,
            "max": 24.1036,
            "p(90)": 2.2129,
            "p(95)": 3.164169999999999,
            "thresholds": {
                "p(95)<2000": false
            }
        },
        "data_sent": {
            "count": 3735519,
            "rate": 37354.540180419026
        },
        "http_req_connecting": {
            "max": 2.5141,
            "p(90)": 0,
            "p(95)": 0,
            "avg": 0.0028653591849219983,
            "min": 0,
            "med": 0
        },
        "http_req_receiving": {
            "p(90)": 0.0168,
            "p(95)": 0.5162099999999998,
            "avg": 0.04734664815642691,
            "min": 0,
            "med": 0,
            "max": 2.2312
        },
        "http_req_sending": {
            "avg": 0.0014044118685145545,
            "min": 0,
            "med": 0,
            "max": 1.088,
            "p(90)": 0,
            "p(95)": 0
        },
        "http_req_waiting": {
            "max": 23.3775,
            "p(90)": 2.1841,
            "p(95)": 2.9526299999999996,
            "avg": 1.1024096002258694,
            "min": 0,
            "med": 0.5376
        },
        "http_req_failed": {
            "passes": 0,
            "fails": 42499,
            "value": 0
        },
        "vus_max": {
            "max": 200,
            "value": 200,
            "min": 200
        }
    }
}